prompt_set,prompt_idx,prompt,generated,full_text,timestamp
ts,0,Alice was so tired when she got back home so she went,to bed. she was so happy that she had been able to take a nap.,"alice was so tired when she got back home so she went to bed. she was so happy that she had been able to take a nap. once upon a time, there was a little girl named lily. she had a big, red ball. lily loved to play with her ball every day. one day, she saw a big, red ball in the park. she wanted to play with the ball, but she was too small. lily had an idea. she would throw the ball to the ball and catch it. she threw the ball",2025-06-01T16:30:07.574724
ts,1,"Samuel and Lily saw a rainbow after a rainy day. They were amazed by the colours. Samuel said, ""Look, Lily. A rainbow has","a rainbow. "" lily smiled and said, "" let us go see it together. "" they walked to the colony and saw a big, beautiful rainbow. they ran to the colony and said, "" wow, look at the rainbow! "" they saw a rainbow and a rainbow. they were so happy and excited. they ran to the rainbow and showed their mom and dad. they said, "" wow, lily, this is the best rainbow ever! ""","samuel and lily saw a rainbow after a rainy day. they were amazed by the colours. samuel said, "" look, lily. a rainbow has a rainbow. "" lily smiled and said, "" let us go see it together. "" they walked to the colony and saw a big, beautiful rainbow. they ran to the colony and said, "" wow, look at the rainbow! "" they saw a rainbow and a rainbow. they were so happy and excited. they ran to the rainbow and showed their mom and dad. they said, "" wow, lily, this is the best rainbow ever! "" once upon a time",2025-06-01T16:30:08.413078
ts,2,"Samuel and Lily liked to watch the moon at night. They noticed that the moon changed its shape every night. Sometimes the moon was big and round, and sometimes it was","just a dream. one night, they decided to go to the moon. they climbed on the moon and looked at the moon. they saw the moon and the moon. they felt happy and free. they decided to go back to the moon and tell their mom about the moon. they told her about the moon and the moon. they said they were brave and brave. they said they could not wait to see the moon. they said they would come back to the moon and tell their mom about the","samuel and lily liked to watch the moon at night. they noticed that the moon changed its shape every night. sometimes the moon was big and round, and sometimes it was just a dream. one night, they decided to go to the moon. they climbed on the moon and looked at the moon. they saw the moon and the moon. they felt happy and free. they decided to go back to the moon and tell their mom about the moon. they told her about the moon and the moon. they said they were brave and brave. they said they could not wait to see the moon. they said they would come back to the moon and tell their mom about the",2025-06-01T16:30:09.271373
ts,3,"Samuel wanted to read a book, so he went to","the library. he saw a big book with a picture of a cat on it. he wanted to read it, but he was too shy. he asked his mom, "" can i read the book? "" his mom said, "" yes, you can read the book. "" tim was very happy. he read the book and read the book. he was not shy anymore. he had a fun book with his mom and read it every day.","samuel wanted to read a book, so he went to the library. he saw a big book with a picture of a cat on it. he wanted to read it, but he was too shy. he asked his mom, "" can i read the book? "" his mom said, "" yes, you can read the book. "" tim was very happy. he read the book and read the book. he was not shy anymore. he had a fun book with his mom and read it every day. once upon a time, there was a little",2025-06-01T16:30:09.960673
ts,4,"""Can cows fly?"", Alice asked her mother. ",""" yes, but we need to be careful. "" alice smiled and said, "" we can do it! "" they worked together, and soon the kite was ready. they were so happy! alice learned that sometimes, the best things can be fun and that we do not need to be scared.",""" can cows fly? "", alice asked her mother. "" yes, but we need to be careful. "" alice smiled and said, "" we can do it! "" they worked together, and soon the kite was ready. they were so happy! alice learned that sometimes, the best things can be fun and that we do not need to be scared. once upon a time, there was a little girl named lily. she loved to play outside in the sun. one day, she saw a big, red ball in the park. she wanted to",2025-06-01T16:30:10.658080
ts,5,"""What do birds like to eat?"", Tom asked his mother.",""" they are eating yummy food, "" his mother said. "" they are yummy, but they are not food. they are not food. they are not food. they are not food. they are not food. they are not food. they are not food. they are not food. they are not food. they are not food. they are not food. they are not food. they are not food. they are not food. they are not food. they are not food.",""" what do birds like to eat? "", tom asked his mother. "" they are eating yummy food, "" his mother said. "" they are yummy, but they are not food. they are not food. they are not food. they are not food. they are not food. they are not food. they are not food. they are not food. they are not food. they are not food. they are not food. they are not food. they are not food. they are not food. they are not food. they are not food.",2025-06-01T16:30:11.375554
ts,6,"""What language do they speak in France?"", Tom asked his mother",", "" what is that? "" his mother replied, "" we have to learn to be kind and help others. "" tom and his mother spent the day learning and learning new things. they learned that being kind and helping others is the best way to be kind.",""" what language do they speak in france? "", tom asked his mother, "" what is that? "" his mother replied, "" we have to learn to be kind and help others. "" tom and his mother spent the day learning and learning new things. they learned that being kind and helping others is the best way to be kind. once upon a time, there was a little girl named lily. she loved to play with her toys and make them go on the floor. one day, she found a big, red ball. she was very happy and wanted",2025-06-01T16:30:12.124009
ts,7,"If I throw a ball up in the air, eventually it will","be okay. "" the boy smiled, knowing that he had made a new friend.","if i throw a ball up in the air, eventually it will be okay. "" the boy smiled, knowing that he had made a new friend. once upon a time, there was a little girl named lily. she loved to play with her toys and make them go on the floor. one day, she found a big, red ball in her room. she was very happy and wanted to play with it. lily took the ball outside and started to play with it. she threw the ball high in the air and it went very high. she laughed and",2025-06-01T16:30:12.844223
ts,8,"It was winter and cold outside so his mother told him, ""You should","go outside and play outside. "" the little girl was so excited that she ran outside and ran outside. she saw the sun shining bright and the birds were singing. she ran outside and saw the sun shining bright. she ran to the window and saw the sun shining bright. she felt so happy and she ran outside to play. she ran outside and saw the sun shining bright. she ran to the window and saw the sun shining bright. she smiled and ran outside to the sun. she felt so","it was winter and cold outside so his mother told him, "" you should go outside and play outside. "" the little girl was so excited that she ran outside and ran outside. she saw the sun shining bright and the birds were singing. she ran outside and saw the sun shining bright. she ran to the window and saw the sun shining bright. she felt so happy and she ran outside to play. she ran outside and saw the sun shining bright. she ran to the window and saw the sun shining bright. she smiled and ran outside to the sun. she felt so",2025-06-01T16:30:13.553289
ts,9,"Lily likes cats and dogs. She asked her mum for a dog and her mum said no, so instead she asked","her to play with him. lily was sad, but she knew she had to be careful. she went to the kitchen and saw a big cake on the table. she was so happy! she ran to the cake and ate it. she was not scared anymore. she was happy that she had a new friend.","lily likes cats and dogs. she asked her mum for a dog and her mum said no, so instead she asked her to play with him. lily was sad, but she knew she had to be careful. she went to the kitchen and saw a big cake on the table. she was so happy! she ran to the cake and ate it. she was not scared anymore. she was happy that she had a new friend. once upon a time, there was a little girl named lily. she loved to play outside in the sun. one day, she saw a big, red ball in the yard.",2025-06-01T16:30:14.366567
ts,10,"Samuel told Alice, ""If you give me your banana, I'll give you my apple"". Alice gave Samuel her banana so","much. "" i want to share my banana, "" she said. samuel smiled, knowing he had made a new friend. they both laughed and shared stories, knowing that friendship was the best treasure of all. in a small town, a girl named mia found a strange box in her attic. it was old and dusty, but it sparkled like stars. she opened it and found a note inside. the note said, "" find the treasure, but only the brave can find it.","samuel told alice, "" if you give me your banana, i'll give you my apple "". alice gave samuel her banana so much. "" i want to share my banana, "" she said. samuel smiled, knowing he had made a new friend. they both laughed and shared stories, knowing that friendship was the best treasure of all. in a small town, a girl named mia found a strange box in her attic. it was old and dusty, but it sparkled like stars. she opened it and found a note inside. the note said, "" find the treasure, but only the brave can find it.",2025-06-01T16:30:15.200484
ts,11,"On weekends Samuel went to visit his grandmother whereas on weekdays he would go to school. Last weekend, when Samuel was on his way to","school, he was excited to explore the world. he was excited to explore the world around him. he was excited to explore the world around him. as he walked, he noticed a strange light in the distance. it was a small, glowing creature with big eyes. samuel felt a pull in his heart. he wanted to know what it was. he followed the light, and soon he found a small door at the base of the base of the tree. it was covered in vines and looked like","on weekends samuel went to visit his grandmother whereas on weekdays he would go to school. last weekend, when samuel was on his way to school, he was excited to explore the world. he was excited to explore the world around him. he was excited to explore the world around him. as he walked, he noticed a strange light in the distance. it was a small, glowing creature with big eyes. samuel felt a pull in his heart. he wanted to know what it was. he followed the light, and soon he found a small door at the base of the base of the tree. it was covered in vines and looked like",2025-06-01T16:30:16.049984
ts,12,Lily and Ben were having an argument. Ben said that cake is much better than ice cream and Lily said that,they should share and be friends. lily and ben felt sad and angry. they did not want to share the cake. they did not want to share and be friends. they did not want to share and be friends. they did not want to share and be friends. they did not want to share and be friends. they did not want to share and be friends. they did not want to share. they did not want to share. they did not want to share. they did not want to,lily and ben were having an argument. ben said that cake is much better than ice cream and lily said that they should share and be friends. lily and ben felt sad and angry. they did not want to share the cake. they did not want to share and be friends. they did not want to share and be friends. they did not want to share and be friends. they did not want to share and be friends. they did not want to share and be friends. they did not want to share. they did not want to share. they did not want to share. they did not want to,2025-06-01T16:30:16.831729
ts,13,"Lily and Ben are having an argument. They are trying to decide between the park and the swimming pool. Ben says, ""I want to go to the park"". Lily says",", "" no, ben. that is not fair. you have to be careful. "" ben says, "" no, i want to go to the park. i want to go. "" they start to argue. they do not want to play with the other kids. they do not want to play with the other kids. they do not want to play with the other kids. they do not want to play with the other kids. they do not want to play with the other kids. they","lily and ben are having an argument. they are trying to decide between the park and the swimming pool. ben says, "" i want to go to the park "". lily says, "" no, ben. that is not fair. you have to be careful. "" ben says, "" no, i want to go to the park. i want to go. "" they start to argue. they do not want to play with the other kids. they do not want to play with the other kids. they do not want to play with the other kids. they do not want to play with the other kids. they do not want to play with the other kids. they",2025-06-01T16:30:17.715947
ts,14,"Samuel's mother was not home, and his father was at home. When Samuel came home, he said hello to","the children. "" i am here to help you find your family, "" he said. the children looked at him with wide eyes. "" i am here to help you, "" he said. "" but you must be careful. "" samuel felt a little sad. he wanted to help. "" i will help you, "" he said. "" i will help you find your family. "" the children looked at him with wide eyes. "" where is your family? "" they asked. samuel smiled.","samuel's mother was not home, and his father was at home. when samuel came home, he said hello to the children. "" i am here to help you find your family, "" he said. the children looked at him with wide eyes. "" i am here to help you, "" he said. "" but you must be careful. "" samuel felt a little sad. he wanted to help. "" i will help you, "" he said. "" i will help you find your family. "" the children looked at him with wide eyes. "" where is your family? "" they asked. samuel smiled.",2025-06-01T16:30:18.529688
ts,15,"Lily doesn't like swimming. When her father wants to take her to the swimming pool, she says",", "" no, tom. you are a good friend. "" tom is sad, but he does not want to be a good friend. he thinks about what he did. he thinks about it. he thinks about what he did. he decides to be a good friend. he says, "" i am sorry, dad. i will not be a good friend. i will be a good friend. "" his dad smiles and says, "" i will be a good friend. "" tom","lily doesn't like swimming. when her father wants to take her to the swimming pool, she says, "" no, tom. you are a good friend. "" tom is sad, but he does not want to be a good friend. he thinks about what he did. he thinks about it. he thinks about what he did. he decides to be a good friend. he says, "" i am sorry, dad. i will not be a good friend. i will be a good friend. "" his dad smiles and says, "" i will be a good friend. "" tom",2025-06-01T16:30:19.292226
ts,16,Both Ben and Lily wanted cake. Father said that there was only one piece of cake left. They,"both wanted to eat the cake, but they could not agree. they started to argue about who would get the cake. they were both very sad. then, a big dog came running towards them. the dog saw the cake and wanted to eat it. the dog saw the cake and wanted to eat it. the dog ran away and hid behind a tree. the dog was very angry and scared. the dog saw the cake and ran away. the dog was very angry and scared. the","both ben and lily wanted cake. father said that there was only one piece of cake left. they both wanted to eat the cake, but they could not agree. they started to argue about who would get the cake. they were both very sad. then, a big dog came running towards them. the dog saw the cake and wanted to eat it. the dog saw the cake and wanted to eat it. the dog ran away and hid behind a tree. the dog was very angry and scared. the dog saw the cake and ran away. the dog was very angry and scared. the",2025-06-01T16:30:20.045694
ts,17,"Ben went to visit Lily in her house, but she was not at home. Ben knocked on the door","and said, "" lily, i am sorry, i did not mean to hurt you. i am sorry, i will not hurt you. "" lily felt bad for ben and said, "" i am sorry, ben. i will not be mad at you. i will be more careful next time. "" ben smiled and said, "" i am sorry, lily. i will be more careful next time. "" they went to the kitchen and found a big bowl of water. they washed the","ben went to visit lily in her house, but she was not at home. ben knocked on the door and said, "" lily, i am sorry, i did not mean to hurt you. i am sorry, i will not hurt you. "" lily felt bad for ben and said, "" i am sorry, ben. i will not be mad at you. i will be more careful next time. "" ben smiled and said, "" i am sorry, lily. i will be more careful next time. "" they went to the kitchen and found a big bowl of water. they washed the",2025-06-01T16:30:20.796812
ts,18,"""Hi Samuel, have you seen Alice? I can't find her anywhere"", said Samuel.",""" i can help you find it! "" samuel felt a spark of hope. "" i can help you! "" he said. they searched the park, looking under benches and behind bushes. "" where is the treasure? "" samuel asked, looking around. "" i found it! "" he said, feeling brave. but as they searched, they found a small box. "" what is inside? "" samuel asked, feeling nervous. "" i do not know, "" samuel said, feeling brave.",""" hi samuel, have you seen alice? i can't find her anywhere "", said samuel. "" i can help you find it! "" samuel felt a spark of hope. "" i can help you! "" he said. they searched the park, looking under benches and behind bushes. "" where is the treasure? "" samuel asked, looking around. "" i found it! "" he said, feeling brave. but as they searched, they found a small box. "" what is inside? "" samuel asked, feeling nervous. "" i do not know, "" samuel said, feeling brave.",2025-06-01T16:30:21.550314
ts,19,"Max had two dogs. One was white and the other was black. Max walked up the street and saw a kid with a dog. He told the kid, ""I see you have a brown dog. I also have","a brown dog. "" the kid said, "" i like your brown dog. he is black and white. "" the kid was happy. he said, "" thank you, kid. you are very kind. "" the kid smiled and said, "" you are welcome. i am glad you like it. "" the kid and the kid played together all day. they had lots of fun. they were very happy.","max had two dogs. one was white and the other was black. max walked up the street and saw a kid with a dog. he told the kid, "" i see you have a brown dog. i also have a brown dog. "" the kid said, "" i like your brown dog. he is black and white. "" the kid was happy. he said, "" thank you, kid. you are very kind. "" the kid smiled and said, "" you are welcome. i am glad you like it. "" the kid and the kid played together all day. they had lots of fun. they were very happy. once upon a time, there was a little girl named lily",2025-06-01T16:30:22.509746
ts,20,"Anne had a piece of candy in her left pocket and a piece of chocolate in her right pocket. Anne's mum asked her, ""Anne, what is that you have in your left pocket?""","anne replied, "" i am sorry, mom. i wanted to make a new friend. "" her mum smiled and said, "" that is a great idea. let us make a new friend together. "" they worked together to make a new friend, a little bit more fun.","anne had a piece of candy in her left pocket and a piece of chocolate in her right pocket. anne's mum asked her, "" anne, what is that you have in your left pocket? "" anne replied, "" i am sorry, mom. i wanted to make a new friend. "" her mum smiled and said, "" that is a great idea. let us make a new friend together. "" they worked together to make a new friend, a little bit more fun. once upon a time, there was a little girl named lily. she loved to play with her toys and make them talk. one day, she found a big, red ball in her room. she was very",2025-06-01T16:30:23.430528
ts,21,Alice had both an apple and a carrot in her bag. She took the apple out of the bag and gave it to Samuel. She reached into the bag again and took,"out a big bite. "" this is not a apple, "" she said. "" it is a cookie. "" samuel looked at the apple and smiled. "" you are right, "" he said. "" but i am sorry. i did not mean to bite you. "" samuel felt bad. he did not mean to hurt the apple. he wanted to make the apple more fun. he said, "" i am sorry, i did not mean to bite you. i just wanted to be nice.","alice had both an apple and a carrot in her bag. she took the apple out of the bag and gave it to samuel. she reached into the bag again and took out a big bite. "" this is not a apple, "" she said. "" it is a cookie. "" samuel looked at the apple and smiled. "" you are right, "" he said. "" but i am sorry. i did not mean to bite you. "" samuel felt bad. he did not mean to hurt the apple. he wanted to make the apple more fun. he said, "" i am sorry, i did not mean to bite you. i just wanted to be nice.",2025-06-01T16:30:24.277992
ts,22,"Alice and Samuel walked up the street and met a girl in a red dress. The girl said to them, ""Hi, I'm Lily. What are your names?""","the girl said, "" i am lily. i am a magic girl. i can make you happy. "" lily and tom decided to make a new friend. they made a big, pretty dress and a hat. they laughed and played all day. they were very happy.","alice and samuel walked up the street and met a girl in a red dress. the girl said to them, "" hi, i'm lily. what are your names? "" the girl said, "" i am lily. i am a magic girl. i can make you happy. "" lily and tom decided to make a new friend. they made a big, pretty dress and a hat. they laughed and played all day. they were very happy. once upon a time, there was a little girl named lily. she had a big, red ball. lily loved to play with her ball every day. one day, she saw a big, red ball in the",2025-06-01T16:30:25.161580
ts,23,"Lily was hungry, and wanted to bake a cake, but she didn't have any sugar at home, so she decided to go ask around. She started walking and met a squirrel. She asked the squirrel, ""Would you happen","to me? "" the squirrel nodded and said, "" yes, i would love to! "" they both laughed and enjoyed the cake together. as they walked, they found a big box. inside were colorful candies and a note that said, "" this is the best cake ever! "" they both laughed and enjoyed the sweet cake.","lily was hungry, and wanted to bake a cake, but she didn't have any sugar at home, so she decided to go ask around. she started walking and met a squirrel. she asked the squirrel, "" would you happen to me? "" the squirrel nodded and said, "" yes, i would love to! "" they both laughed and enjoyed the cake together. as they walked, they found a big box. inside were colorful candies and a note that said, "" this is the best cake ever! "" they both laughed and enjoyed the sweet cake. once upon a time, there was a little girl named lily. she loved to play outside in the sun. one day, she found a big, red ball",2025-06-01T16:30:26.118370
cm,0,"I have a red ball and a blue ball. I give the red ball to Alice, so she plays with the red ball, and I play with the","red ball. "" alice says. "" i want to play with the red ball, "" alice says. "" but i want to play with the red ball too. "" alice thinks for a moment. she has an idea. "" let us play with the red ball, "" she says. "" ok, "" alice says. "" but i want to play with the red ball. "" alice says, "" okay, but you have to be careful. "" alice and mia play with the red ball.","i have a red ball and a blue ball. i give the red ball to alice, so she plays with the red ball, and i play with the red ball. "" alice says. "" i want to play with the red ball, "" alice says. "" but i want to play with the red ball too. "" alice thinks for a moment. she has an idea. "" let us play with the red ball, "" she says. "" ok, "" alice says. "" but i want to play with the red ball. "" alice says, "" okay, but you have to be careful. "" alice and mia play with the red ball.",2025-06-01T16:30:27.089854
cm,1,"There are two boxes: one big and one small. The big box is too heavy for Kim, so she carries the","small box. she put them in the box and said, "" i will make a big box for you to play with. "" the small box of boxes were very heavy. she was sad because she could not play with the box. the big box of boxes were too heavy for her. she tried to push the box, but it was too heavy. she felt sad and angry. then, a kind bird saw the box and said, "" do not be sad, little box. i will help","there are two boxes : one big and one small. the big box is too heavy for kim, so she carries the small box. she put them in the box and said, "" i will make a big box for you to play with. "" the small box of boxes were very heavy. she was sad because she could not play with the box. the big box of boxes were too heavy for her. she tried to push the box, but it was too heavy. she felt sad and angry. then, a kind bird saw the box and said, "" do not be sad, little box. i will help",2025-06-01T16:30:28.014633
cm,2,"The soup was too hot to eat, but the ice cream was too cold. Maria wanted something warm, so she chose the",ice cream. she took a big bite and it was very hot. she was so happy that she started to feel warm and warm. she ate the ice cream and felt warm and warm. she was not cold anymore. she was happy that she had a new friend.,"the soup was too hot to eat, but the ice cream was too cold. maria wanted something warm, so she chose the ice cream. she took a big bite and it was very hot. she was so happy that she started to feel warm and warm. she ate the ice cream and felt warm and warm. she was not cold anymore. she was happy that she had a new friend. once upon a time, there was a little girl named lily. she had a big, red ball. lily loved to play with her ball every day. one day, lily saw a big, red ball in the park.",2025-06-01T16:30:28.893372
cm,3,"When the sun goes down, it becomes dark. When the sun comes up, it becomes","warmer. the girl and her mom go on a fun adventure. they see many things together. the girl and her mom go on a fun adventure. they see birds, birds, and the birds. they see birds, birds, and the birds. they see birds and the trees. they see birds and birds. they are happy. they are happy. they have a new friend.","when the sun goes down, it becomes dark. when the sun comes up, it becomes warmer. the girl and her mom go on a fun adventure. they see many things together. the girl and her mom go on a fun adventure. they see birds, birds, and the birds. they see birds, birds, and the birds. they see birds and the trees. they see birds and birds. they are happy. they are happy. they have a new friend. once upon a time, there was a little girl named lily. she had a big, red ball.",2025-06-01T16:30:29.671468
cm,4,"Leo had two cookies. He ate one cookie, so now he has","one cookie. he was very happy. he said, "" i am sorry, i did not mean to break your cookie. "" the next day, tim went to the kitchen. he saw a big cake on the table. he wanted to eat it. but the cake was too high. tim was sad. he wanted to eat the cake. he thought about what to do. then, he had an idea. he said, "" i can help you get the cookie. "" tim tried to reach","leo had two cookies. he ate one cookie, so now he has one cookie. he was very happy. he said, "" i am sorry, i did not mean to break your cookie. "" the next day, tim went to the kitchen. he saw a big cake on the table. he wanted to eat it. but the cake was too high. tim was sad. he wanted to eat the cake. he thought about what to do. then, he had an idea. he said, "" i can help you get the cookie. "" tim tried to reach",2025-06-01T16:30:30.398496
cm,5,"Rita is cold. The window was open, so she","could see the world. she ran outside, looking for something to do. she saw a big tree with a hole in it. she thought it was a treasure. she ran to the tree and found a small box. she opened it and saw a note. the note said, "" this is a treasure. you found it. "" the note said, "" this is a treasure. you are rich and kind. "" lily was happy. she learned that the treasure was not gold or jewels. she","rita is cold. the window was open, so she could see the world. she ran outside, looking for something to do. she saw a big tree with a hole in it. she thought it was a treasure. she ran to the tree and found a small box. she opened it and saw a note. the note said, "" this is a treasure. you found it. "" the note said, "" this is a treasure. you are rich and kind. "" lily was happy. she learned that the treasure was not gold or jewels. she",2025-06-01T16:30:31.103721
cm,6,"It was raining, so Tom took his umbrella. It was sunny, so he wore his",umbrella. he was so happy to have a fun day with his umbrella.,"it was raining, so tom took his umbrella. it was sunny, so he wore his umbrella. he was so happy to have a fun day with his umbrella. once upon a time, there was a little girl named lily. she had a big, red ball. lily loved to play with her ball. one day, she saw a big, red ball in the park. she wanted to play with the ball, but she was too small. lily had an idea. she would throw the ball to the ball and catch it. she threw the ball high in the air",2025-06-01T16:30:31.885712
cm,7,"The cow says ""moo"" and the cat says ""meow"". The dog says",""" moo "" moo "". moo is not nice. "" the dog says "" moo "" moo "". moo is not nice. "" moo likesquito moo. moo moo moo moo. moo moo moo moo moo. moo moo moo moo moo moo. moo moo moo moo moo moo. moo moo moo moo moo mo","the cow says "" moo "" and the cat says "" meow "". the dog says "" moo "" moo "". moo is not nice. "" the dog says "" moo "" moo "". moo is not nice. "" moo likesquito moo. moo moo moo moo. moo moo moo moo moo. moo moo moo moo moo moo. moo moo moo moo moo moo. moo moo moo moo moo mo",2025-06-01T16:30:32.652921
cm,8,"Kim was very thirsty, so she drank some water. Tim was very hungry, so he ate some","of the water. but then, something unexpected happened. the water started to move! it was not a normal water, it was a big, friendly fish! the fish said, "" thank you for helping me, tim! "" tim was surprised, but he was happy to have a new friend. from that day on, tim and the fish played together every day.","kim was very thirsty, so she drank some water. tim was very hungry, so he ate some of the water. but then, something unexpected happened. the water started to move! it was not a normal water, it was a big, friendly fish! the fish said, "" thank you for helping me, tim! "" tim was surprised, but he was happy to have a new friend. from that day on, tim and the fish played together every day. once upon a time, there was a little girl named lily. she had a big, red ball. lily",2025-06-01T16:30:33.453661
cm,9,"There were three birds on the tree. Two birds flew away, so now there is","no one to play with. the birds were very happy and flew away. the birds were so happy and they flew away. the birds were so happy that they could play again. the birds and the birds were happy too. they all flew back home, and the birds were happy again.","there were three birds on the tree. two birds flew away, so now there is no one to play with. the birds were very happy and flew away. the birds were so happy and they flew away. the birds were so happy that they could play again. the birds and the birds were happy too. they all flew back home, and the birds were happy again. once upon a time, there was a little girl named lily. she loved to play outside with her friends. one day, they found a big, red ball in the park. lily was very happy and",2025-06-01T16:30:34.204276
cm,10,"Alice was lost, she wanted to go home. She met a stranger and asked him if he","could help. the stranger said yes, but only if he had a plan. he said he could go on an adventure. the girl was excited. she wanted to see if he could go. she asked him to join her. the stranger smiled and said yes. they walked together, and soon they reached the park. the girl was so happy. she had a new friend. she was so happy to have a new friend. they played together every day. the girl learned that helping others can make","alice was lost, she wanted to go home. she met a stranger and asked him if he could help. the stranger said yes, but only if he had a plan. he said he could go on an adventure. the girl was excited. she wanted to see if he could go. she asked him to join her. the stranger smiled and said yes. they walked together, and soon they reached the park. the girl was so happy. she had a new friend. she was so happy to have a new friend. they played together every day. the girl learned that helping others can make",2025-06-01T16:30:34.959302
