prompt,output_small,output_medium
Alice was so tired when she got back home so she went,to bed. she was so happy that she had been able to take a nap.,to bed. she was so happy to have a new friend to play with.
"Samuel and Lily saw a rainbow after a rainy day. They were amazed by the colours. Samuel said, ""Look, Lily. A rainbow has","a rainbow. "" lily smiled and said, "" let us go see it together. "" they walked to the colony and saw a big, beautiful rainbow. they ran to the colony and said, "" wow, look at the rainbow! "" they saw a rainbow and a rainbow. they were so happy and excited. they ran to the rainbow and showed their mom and dad. they said, "" wow, lily, this is the best rainbow ever! ""","many colors! "" lily smiled and said, "" yes, it is beautiful! "" they both laughed and continued to play, enjoying the colors and the fun of the rainbow."
"Samuel and Lily liked to watch the moon at night. They noticed that the moon changed its shape every night. Sometimes the moon was big and round, and sometimes it was","just a dream. one night, they decided to go to the moon. they climbed on the moon and looked at the moon. they saw the moon and the moon. they felt happy and free. they decided to go back to the moon and tell their mom about the moon. they told her about the moon and the moon. they said they were brave and brave. they said they could not wait to see the moon. they said they would come back to the moon and tell their mom about the","small and round. they wanted to touch it and see the stars up close. one night, they saw a bright light in the sky. it was a comet! they were very excited and wanted to catch it. they ran after the comet, but it was too fast. they tried to catch it, but it was too fast. they got closer and closer to the comet. they were very tired and sad. they wanted to touch it and see the stars up close. they did not know that"
"Samuel wanted to read a book, so he went to","the library. he saw a big book with a picture of a cat on it. he wanted to read it, but he was too shy. he asked his mom, "" can i read the book? "" his mom said, "" yes, you can read the book. "" tim was very happy. he read the book and read the book. he was not shy anymore. he had a fun book with his mom and read it every day.","the library. he looked at the pictures and read the words. he saw a big red ball on the cover. he thought it was a toy. he picked it up and started to play with it. he threw it up in the air and caught it. he was having so much fun. but then, something unexpected happened. the big red ball started to move! it was not a ball, but a big red balloon. the balloon lifted tim up into the sky. he was scared at first"
"""Can cows fly?"", Alice asked her mother. ",""" yes, but we need to be careful. "" alice smiled and said, "" we can do it! "" they worked together, and soon the kite was ready. they were so happy! alice learned that sometimes, the best things can be fun and that we do not need to be scared.",""" yes! "" her mother replied. "" they are like little birds. "" alice felt a spark of hope. "" can i really fly? "" she asked. "" of course! "" her mother said. "" just believe in yourself. "" alice took a deep breath and jumped. she soared into the sky. "" look at me! "" she shouted. "" i am flying! "" alice felt free and happy. she flew higher and higher, feeling the wind beneath her. "" i am flying"
"""What do birds like to eat?"", Tom asked his mother.",""" they are eating yummy food, "" his mother said. "" they are yummy, but they are not food. they are not food. they are not food. they are not food. they are not food. they are not food. they are not food. they are not food. they are not food. they are not food. they are not food. they are not food. they are not food. they are not food. they are not food. they are not food.",""" birds like to eat, "" she said. "" they are very yummy. "" tom wanted to eat the birds, but he knew they were not for eating. he thought about what his mother said. "" tom, you can eat the birds, "" he said. "" but they are not for eating. they are for everyone. "" tom was sad, but he knew his mother was right. he ate the birds and they were not for eating. he learned that eating too"
"""What language do they speak in France?"", Tom asked his mother",", "" what is that? "" his mother replied, "" we have to learn to be kind and help others. "" tom and his mother spent the day learning and learning new things. they learned that being kind and helping others is the best way to be kind.",". "" they speak in a language, "" she said. "" they speak in a language, and they speak in a language. "" tom was curious. he asked, "" what is the language? "" his mother smiled. "" the language is a language, to talk in a language. "" tom was excited. he asked his mother, "" what is the language?"
"If I throw a ball up in the air, eventually it will","be okay. "" the boy smiled, knowing that he had made a new friend.","not be so bad. "" tim and his mom played with the ball in the park. they had a lot of fun. tim was happy that he could play with the ball. he learned that it is important to be careful and not throw things too hard."
"It was winter and cold outside so his mother told him, ""You should","go outside and play outside. "" the little girl was so excited that she ran outside and ran outside. she saw the sun shining bright and the birds were singing. she ran outside and saw the sun shining bright. she ran to the window and saw the sun shining bright. she felt so happy and she ran outside to play. she ran outside and saw the sun shining bright. she ran to the window and saw the sun shining bright. she smiled and ran outside to the sun. she felt so","not go too far away from home. "" the little boy was sad, but he knew he had to listen to his mother. he went to his mother and said, "" i am sorry, mother. i will not go too far away. "" his mother smiled and said, "" it is okay, son. i am glad you are safe. "" the little boy was happy and went back home. he was glad that his mother was there to help him."
"Lily likes cats and dogs. She asked her mum for a dog and her mum said no, so instead she asked","her to play with him. lily was sad, but she knew she had to be careful. she went to the kitchen and saw a big cake on the table. she was so happy! she ran to the cake and ate it. she was not scared anymore. she was happy that she had a new friend.",her mum to go to the store. lily was very sad and started to cry. she wanted to go to the store and look at all the things she could see. but her mum said no and told her to stay away from the store. lily was very sad and started to cry. she wanted to go to the store and look at all the things she could see. but her mum said no and told her to stay away from the store. lily was
"Samuel told Alice, ""If you give me your banana, I'll give you my apple"". Alice gave Samuel her banana so","much. "" i want to share my banana, "" she said. samuel smiled, knowing he had made a new friend. they both laughed and shared stories, knowing that friendship was the best treasure of all. in a small town, a girl named mia found a strange box in her attic. it was old and dusty, but it sparkled like stars. she opened it and found a note inside. the note said, "" find the treasure, but only the brave can find it.","he could have a piece of his own. they both laughed and enjoyed the view together. in the end, they learned that sharing their lunch was the best way to enjoy the view. a bright sun shone over the small town. in this town, a girl named mia loved to paint. she painted flowers, trees, and animals. one day, she found a strange brush in the park. it was shiny and had a big, bright star on it. mia thought it was magic. she"
"On weekends Samuel went to visit his grandmother whereas on weekdays he would go to school. Last weekend, when Samuel was on his way to","school, he was excited to explore the world. he was excited to explore the world around him. he was excited to explore the world around him. as he walked, he noticed a strange light in the distance. it was a small, glowing creature with big eyes. samuel felt a pull in his heart. he wanted to know what it was. he followed the light, and soon he found a small door at the base of the base of the tree. it was covered in vines and looked like","school, he saw a girl named kim sitting alone. she looked sad and lost. samuel felt a pull in his heart. he walked over to her and asked, "" why are you sad? "" kim looked up and said, "" i lost my favorite toy. "" samuel thought for a moment and said, "" let us find it together! "" they searched the playground, looking under benches and behind trees. after a while, samuel spotted something shiny in the grass. it was kim's"
Lily and Ben were having an argument. Ben said that cake is much better than ice cream and Lily said that,they should share and be friends. lily and ben felt sad and angry. they did not want to share the cake. they did not want to share and be friends. they did not want to share and be friends. they did not want to share and be friends. they did not want to share and be friends. they did not want to share and be friends. they did not want to share. they did not want to share. they did not want to share. they did not want to,they should share it. lily thought about it and said she wanted to be the best. she said that she could have a big cake if she shared it with ben. ben was happy and agreed to share the cake with lily. they both ate the cake and played together. they had a lot of fun and became good friends. lily learned that sharing is better than fighting.
"Lily and Ben are having an argument. They are trying to decide between the park and the swimming pool. Ben says, ""I want to go to the park"". Lily says",", "" no, ben. that is not fair. you have to be careful. "" ben says, "" no, i want to go to the park. i want to go. "" they start to argue. they do not want to play with the other kids. they do not want to play with the other kids. they do not want to play with the other kids. they do not want to play with the other kids. they do not want to play with the other kids. they",", "" no, i want to go to the park first. it is my favorite. "" they both start to argue. they pull and tug on the water. they yell and cry. mom hears them and comes to see what is wrong. she says, "" stop fighting, both of you. you are both being very selfish. you need to share and be nice to each other. "" she takes the water and puts it in a bottle. she says, "" you"
"Samuel's mother was not home, and his father was at home. When Samuel came home, he said hello to","the children. "" i am here to help you find your family, "" he said. the children looked at him with wide eyes. "" i am here to help you, "" he said. "" but you must be careful. "" samuel felt a little sad. he wanted to help. "" i will help you, "" he said. "" i will help you find your family. "" the children looked at him with wide eyes. "" where is your family? "" they asked. samuel smiled.","the family. they welcomed him with open arms. samuel felt happy and safe. he learned that sometimes, the best adventures come from the heart. a bright sun shone over the small town. a girl named mia loved to paint. she painted flowers, trees, and animals. one day, she found a strange brush in the park. it was shiny and had a big, bright star on it. mia thought it was magic. she painted a big tree with a door. the tree looked like"
"Lily doesn't like swimming. When her father wants to take her to the swimming pool, she says",", "" no, tom. you are a good friend. "" tom is sad, but he does not want to be a good friend. he thinks about what he did. he thinks about it. he thinks about what he did. he decides to be a good friend. he says, "" i am sorry, dad. i will not be a good friend. i will be a good friend. "" his dad smiles and says, "" i will be a good friend. "" tom",", "" mommy, i want to swim in the pool. "" her father says, "" no, lily, you cannot swim in the pool. it is too deep and too deep. you have to stay in the pool. "" lily feels sad and scared. she does not want to swim in the pool. she thinks her father is right. she thinks her father is right. she thinks her father is right. she thinks her father is right. she thinks her father is right. she decides"
Both Ben and Lily wanted cake. Father said that there was only one piece of cake left. They,"both wanted to eat the cake, but they could not agree. they started to argue about who would get the cake. they were both very sad. then, a big dog came running towards them. the dog saw the cake and wanted to eat it. the dog saw the cake and wanted to eat it. the dog ran away and hid behind a tree. the dog was very angry and scared. the dog saw the cake and ran away. the dog was very angry and scared. the","looked around and saw a big box. they opened the box and found many colorful balloons. they were very happy and started to play with the balloons. they made a big mess and had a lot of fun. but then, something unexpected happened. the balloons started to move and talk! they said, "" thank you for playing with me. i was a balloon, but your cake was fun! "" ben and lily were surprised but happy. they played with the balloons all day and became best friends."
"Ben went to visit Lily in her house, but she was not at home. Ben knocked on the door","and said, "" lily, i am sorry, i did not mean to hurt you. i am sorry, i will not hurt you. "" lily felt bad for ben and said, "" i am sorry, ben. i will not be mad at you. i will be more careful next time. "" ben smiled and said, "" i am sorry, lily. i will be more careful next time. "" they went to the kitchen and found a big bowl of water. they washed the","and said, "" lily, i am sorry i knocked over the door. i am sorry i made you angry. "" lily looked at ben and said, "" it is okay, ben. i forgive you. but next time, please be careful with the door. "" ben nodded and said, "" thank you, lily. i am sorry i made you angry. i will be more careful next time. "" lily smiled and said, "" it is okay, ben. i forgive you."
"""Hi Samuel, have you seen Alice? I can't find her anywhere"", said Samuel.",""" i can help you find it! "" samuel felt a spark of hope. "" i can help you! "" he said. they searched the park, looking under benches and behind bushes. "" where is the treasure? "" samuel asked, looking around. "" i found it! "" he said, feeling brave. but as they searched, they found a small box. "" what is inside? "" samuel asked, feeling nervous. "" i do not know, "" samuel said, feeling brave.","they both laughed and decided to explore the cave together. as they walked, they found strange rocks and colorful flowers. "" this is amazing! "" said samuel. "" but we should not take it! "" they decided to take the treasure back to the village. when they arrived, the villagers were amazed. "" what a beautiful sight! "" they exclaimed. samuel and alice felt proud. they had found the treasure and shared it with everyone. a bright sun shone over the hills. a boy named"
"Max had two dogs. One was white and the other was black. Max walked up the street and saw a kid with a dog. He told the kid, ""I see you have a brown dog. I also have","a brown dog. "" the kid said, "" i like your brown dog. he is black and white. "" the kid was happy. he said, "" thank you, kid. you are very kind. "" the kid smiled and said, "" you are welcome. i am glad you like it. "" the kid and the kid played together all day. they had lots of fun. they were very happy.","a brown dog. "" the kid smiled and said, "" thank you, max. you are very nice. "" max and the kid became friends. they played together every day. max was happy to have a new friend. and they lived happily ever after."
"Anne had a piece of candy in her left pocket and a piece of chocolate in her right pocket. Anne's mum asked her, ""Anne, what is that you have in your left pocket?""","anne replied, "" i am sorry, mom. i wanted to make a new friend. "" her mum smiled and said, "" that is a great idea. let us make a new friend together. "" they worked together to make a new friend, a little bit more fun.","anne thought for a moment and said, "" i have a surprise for you! "" anne smiled and handed her the candy. anne's eyes lit up with joy. "" thank you! this is the best surprise ever! "" she said. anne felt happy and proud. she had made a new friend and shared her candy with everyone. a bright sun shone over the small town. a girl named mia loved to paint. she had a big canvas and many colors. one day, she painted"
Alice had both an apple and a carrot in her bag. She took the apple out of the bag and gave it to Samuel. She reached into the bag again and took,"out a big bite. "" this is not a apple, "" she said. "" it is a cookie. "" samuel looked at the apple and smiled. "" you are right, "" he said. "" but i am sorry. i did not mean to bite you. "" samuel felt bad. he did not mean to hurt the apple. he wanted to make the apple more fun. he said, "" i am sorry, i did not mean to bite you. i just wanted to be nice.","out the apple. "" here you go, "" she said, handing him the apple. samuel smiled and took a bite. it was sweet and juicy. he thanked her and said, "" you are a good friend. "" they sat down and shared the apple. they talked and laughed. they were happy. the apple was not just a fruit, but a symbol of friendship."
"Alice and Samuel walked up the street and met a girl in a red dress. The girl said to them, ""Hi, I'm Lily. What are your names?""","the girl said, "" i am lily. i am a magic girl. i can make you happy. "" lily and tom decided to make a new friend. they made a big, pretty dress and a hat. they laughed and played all day. they were very happy.","alice smiled and said, "" i am lily. i am new here. "" lily and samuel became good friends. they played together every day. they shared their toys and had fun. lily was happy to have a new friend. and they lived happily ever after."
"Lily was hungry, and wanted to bake a cake, but she didn't have any sugar at home, so she decided to go ask around. She started walking and met a squirrel. She asked the squirrel, ""Would you happen","to me? "" the squirrel nodded and said, "" yes, i would love to! "" they both laughed and enjoyed the cake together. as they walked, they found a big box. inside were colorful candies and a note that said, "" this is the best cake ever! "" they both laughed and enjoyed the sweet cake.","? "" the squirrel nodded and said, "" yes, i would love to! "" the two of them started to bake the cake together. they mixed the ingredients and put the sugar in the oven. when the cake was ready, they took it out of the oven and let it cool. the sugar was delicious! they both smiled and enjoyed the sweet taste. the end."
"I have a red ball and a blue ball. I give the red ball to Alice, so she plays with the red ball, and I play with the","red ball. "" alice says. "" i want to play with the red ball, "" alice says. "" but i want to play with the red ball too. "" alice thinks for a moment. she has an idea. "" let us play with the red ball, "" she says. "" ok, "" alice says. "" but i want to play with the red ball. "" alice says, "" okay, but you have to be careful. "" alice and mia play with the red ball.","blue ball. "" tim and lily are happy. they want to play with the blue ball. they take turns to throw the ball and the blue ball. they have fun. but then, the blue ball goes too far and gets stuck in a tree. tim and lily cannot get the ball. they look for a long stick. they look under the tree, behind the bushes, and in the sandbox. they cannot find the blue ball. they are sad. they want to play with"
"There are two boxes: one big and one small. The big box is too heavy for Kim, so she carries the","small box. she put them in the box and said, "" i will make a big box for you to play with. "" the small box of boxes were very heavy. she was sad because she could not play with the box. the big box of boxes were too heavy for her. she tried to push the box, but it was too heavy. she felt sad and angry. then, a kind bird saw the box and said, "" do not be sad, little box. i will help","box to the other. she says, "" i am going to get the box. i am going to get it. "" she puts the box on the floor and walks to the box. she sees a big box on the floor. she thinks it is a good place to hide. she opens the box and sees a big box. she thinks it is a good place to hide. she takes the box and hides behind the box. she says, "" i am going to get the box"
"The soup was too hot to eat, but the ice cream was too cold. Maria wanted something warm, so she chose the",ice cream. she took a big bite and it was very hot. she was so happy that she started to feel warm and warm. she ate the ice cream and felt warm and warm. she was not cold anymore. she was happy that she had a new friend.,"warm soup. she took it to her mom and asked for a warm cup. her mom gave her a cup of warm soup. maria was so happy and thanked her mom. she drank the warm soup and felt much better. from that day on, maria always remembered to be careful with her warm soup."
"When the sun goes down, it becomes dark. When the sun comes up, it becomes","warmer. the girl and her mom go on a fun adventure. they see many things together. the girl and her mom go on a fun adventure. they see birds, birds, and the birds. they see birds, birds, and the birds. they see birds and the trees. they see birds and birds. they are happy. they are happy. they have a new friend.","dark and scary. the sun is gone, and the sky is gray. the sun is gone, and the sky is gray. the sun is sad, and the sky is gray. the sun is sad too. the sun is sad too. the sun is sad too. the sun is sad too. the sun is sad too. the sun is sad too. the sun is sad too. the sun is sad too. the sun is sad too. the sun is sad too. the sun is"
"Leo had two cookies. He ate one cookie, so now he has","one cookie. he was very happy. he said, "" i am sorry, i did not mean to break your cookie. "" the next day, tim went to the kitchen. he saw a big cake on the table. he wanted to eat it. but the cake was too high. tim was sad. he wanted to eat the cake. he thought about what to do. then, he had an idea. he said, "" i can help you get the cookie. "" tim tried to reach","to eat it. he is very happy. but then, something unexpected happened. the cookie started to talk! it said, "" hello, tim! i am a magic cookie. i can make your wishes come true. "" tim was very surprised. he thought about it and said, "" i wish for a big ice cream cone. "" the magic cookie made his wish come true. tim was so happy. he ate his ice cream and played with his friends all day. once upon a"
"Rita is cold. The window was open, so she","could see the world. she ran outside, looking for something to do. she saw a big tree with a hole in it. she thought it was a treasure. she ran to the tree and found a small box. she opened it and saw a note. the note said, "" this is a treasure. you found it. "" the note said, "" this is a treasure. you are rich and kind. "" lily was happy. she learned that the treasure was not gold or jewels. she","could see the snow falling. she wanted to go outside and play. but she was scared. she did not know what to do. she looked around and saw a big pile of snow. she thought it would be fun to make a snowman. she started to roll the snow into the pile. she made a big snowman with a hat and a scarf. she was very happy. but then, something unexpected happened. the snowman started to move! it was not a snowman at all. it was a"
"It was raining, so Tom took his umbrella. It was sunny, so he wore his",umbrella. he was so happy to have a fun day with his umbrella.,"umbrella. he went outside to play in the rain. tom saw a big puddle and jumped in it. he splashed and played in the puddle. he was having so much fun. but then, something unexpected happened. the rain stopped, and the sun came out. tom was sad. he looked at his umbrella and saw that it was not wet. it was now a big, shiny umbrella! tom was happy again. he ran back inside to tell his mom about his"
"The cow says ""moo"" and the cat says ""meow"". The dog says",""" moo "" moo "". moo is not nice. "" the dog says "" moo "" moo "". moo is not nice. "" moo likesquito moo. moo moo moo moo. moo moo moo moo moo. moo moo moo moo moo moo. moo moo moo moo moo moo. moo moo moo moo moo mo",""" moo "" and the cat runs away. the cat is sad and angry. the dog is happy and licks the cat. the cat is happy too. the cat is happy too. the dog is happy too. the cat and the dog play together. they are friends. the cat is not sad anymore. the cat is happy too. the cat is happy too. the cat is happy too. they are friends."
"Kim was very thirsty, so she drank some water. Tim was very hungry, so he ate some","of the water. but then, something unexpected happened. the water started to move! it was not a normal water, it was a big, friendly fish! the fish said, "" thank you for helping me, tim! "" tim was surprised, but he was happy to have a new friend. from that day on, tim and the fish played together every day.","water. after he ate, he felt very full and happy. tim went back to the park to play. he saw a big tree and thought it would be a good place to rest. but when he got there, he saw a little bird stuck in the tree. tim wanted to help the bird, so he tried to climb the tree. but he was too small. tim was sad and scared. he did not know what to do. then, a kind squirrel came to help tim. the"
"There were three birds on the tree. Two birds flew away, so now there is","no one to play with. the birds were very happy and flew away. the birds were so happy and they flew away. the birds were so happy that they could play again. the birds and the birds were happy too. they all flew back home, and the birds were happy again.",no more birds. the birds were so happy to be free. they flew around the tree and sang a song. the birds sang and flew away. the birds were so happy to be free. they flew back to the tree and continued to sing. the birds were so happy to be free. they flew away and the birds flew away. the birds were so happy to be free. they flew away and the birds were safe.
"Alice was lost, she wanted to go home. She met a stranger and asked him if he","could help. the stranger said yes, but only if he had a plan. he said he could go on an adventure. the girl was excited. she wanted to see if he could go. she asked him to join her. the stranger smiled and said yes. they walked together, and soon they reached the park. the girl was so happy. she had a new friend. she was so happy to have a new friend. they played together every day. the girl learned that helping others can make","wanted to join her. the stranger smiled and said, "" of course! i will show you the way. "" they walked together, and the stranger showed her the way. she felt happy and free. but soon, she saw a big tree with a hole in it. she thought, "" what if i get stuck in there? "" she remembered her mother's words about being brave. she took a deep breath and decided to climb the tree. the stranger helped her up, and they both"
