split,prompt,tiny,small,medium,frozen_medium,large
ts,Alice was so tired when she got back home so she went,back to her home. she was so happy that she had been able to help her new friend.,to bed. she was so happy that she had been able to get to the park. she had a great day and could not wait to come back again.,to bed. she was so happy to have had such a wonderful time.,to sleep. she had a wonderful dream about the day she had been playing in the garden.,"to bed. she was so tired that she fell asleep right away. when she woke up, she was so happy to see that she had been able to go to the park. she ran to the swings and started to swing. she was so excited to go to the park! she had so much fun that she forgot all about her nap. she was so happy that she had been able to go to the park."
ts,"Samuel and Lily saw a rainbow after a rainy day. They were amazed by the colours. Samuel said, ""Look, Lily. A rainbow has","a rainbow! "" they both laughed and played in the rainbow. they learned that sharing is better than being silly. they learned that sharing is better than being silly. they promised to always be friends, no matter how small they were. the moral of the story is that sharing is good and makes everyone happy.","a story! "" lily smiled and said, "" yes, it is! "" they decided to follow the rainbow, which led them to a hidden cave. inside, they found a treasure chest filled with shiny coins and jewels. "" this is amazing! "" lily exclaimed. they shared the treasure with their friends, who were amazed. they learned that sometimes, the best treasure is the fun and laughter shared with friends. the map had led them to a wonderful adventure, and they promised to keep exploring together","a story. "" lily smiled and said, "" that is amazing! can we read it? "" samuel nodded, and they sat down to read. as they read, they learned about a brave knight who saved a village. the story made them feel strong and brave. they realized that the best part of the story was sharing it with others. they promised to keep reading and dreaming together. from that day on, they became the best of friends. they learned that stories could bring people together, no","been like us! "" lily smiled and said, "" yes, it is. let us make a rainbow! "" they decided to make a rainbow in the sky. they used colors and shapes to create a rainbow. they painted it with bright colors. they laughed and sang as they painted. when they finished, they showed their rainbow to their friends. everyone loved it! they learned that art can be fun, and they could create something even better together. the sky was full of dreams, and they","a rainbow! "" lily smiled and said, "" yes, it is! but we should not touch it. it is too bright and too hot. "" samuel nodded, understanding. they decided to leave the bats and enjoy the view instead. as they walked back, they talked about their adventure. "" we should do this again! "" lily said. samuel agreed, "" yes! we can come back and explore more! "" they felt happy and free, knowing they had found something special. when they"
ts,"Samuel and Lily liked to watch the moon at night. They noticed that the moon changed its shape every night. Sometimes the moon was big and round, and sometimes it was","a bit scary. one night, they decided to go on a trip to the moon. they packed their bags and set off on their trip. as they walked, they saw a big tree with a sign that said "" x "" on it. they were very excited. they ran to the tree and looked around. they saw a big tree with a hole in it. they thought it would be fun to dig in the hole. they dug and dug, but they could not find the treasure. then","very pretty. one night, they saw a big star in the sky. it was very bright and shiny. "" look, lily, a star! "" tom said. "" it is so pretty! "" "" yes, it is! "" lily said. "" but it is too far away. we have to wait for the moon to come back. "" they waited and waited. they did not see the moon. they only saw the moon. they felt sad. they wanted to see the moon.","small and round. one night, they saw a bright light in the sky. it was a comet. it was very fast and bright. it made a loud noise. "" wow, look at that! "" lily said. "" it is so pretty! "" "" i want to touch it! "" ben said. "" it is so fast and pretty! "" they ran after the comet. they tried to catch it, but it was too fast. they ran and ran, but they could not catch","a little scary. one night, they heard a noise outside. they went to the window and saw a big, scary monster. the monster was very big and had sharp teeth. the people were scared and ran away. the moon was very sad and scared. it wanted to find a way to make the monster go away. the moon saw a little boy and asked, "" why are you sad? "" the little boy said, "" i want to go home, but i am scared. "" the","small and round. sometimes it was round and round, and sometimes it was round and round. one night, they saw a big, round moon in the sky. it was very bright and shiny. they wanted to touch it and play with it. they ran to the moon and reached out their hands. but the moon was not a ball. it was a balloon. it was a balloon. it popped and made a loud noise. it scared tom and lily. they dropped the balloon and ran away"
ts,"Samuel wanted to read a book, so he went to","the library. he saw a book that looked like a book. "" what is this? "" he asked himself. he opened it and found a book. "" this is a book! "" he said. he opened it and read the words. the book was full of stories. "" i want to read this book, "" he said. he felt a rush of excitement. "" what if i read it? "" he thought. he opened the book and read aloud. the words danced around him.","the library. he found a book about a brave knight. the knight was brave and strong. he read about a knight who fought a dragon. the knight was brave and strong. samuel felt inspired. he wanted to be brave like the knight. he decided to write a story about a brave knight. he wrote about a brave knight who saved a village from a dragon. the knight faced many challenges, but he never gave up. he learned that courage is not just about facing fears. it is also","the library. he found a book about a brave knight. the knight was strong and brave. samuel read the book every day. he learned about bravery and friendship. one day, he read about a dragon. the dragon was fierce and breathed fire. samuel felt scared but remembered the knight's words. he took a deep breath and said, "" i am brave! "" the dragon smiled and said, "" you are brave, but you must be honest. "" samuel thought about his own fears. he realized","find it. he looked under the bed, behind the door, and in the closet. but he could not find the book. he was sad. then, he saw a little girl named sue. sue was looking for her book. she said, "" i lost my book. can you help me find it? "" tim and spot looked for the book. they looked under the bed, behind the door, and in the toy box. finally, they found the book under a big tree. sue","the library. he found a big book with a picture of a cat on it. he was very happy. he sat down and started to read the book. as he read, he saw a picture of a cat. the cat was very funny. it made tim laugh. he read the book again and again. tim loved the book. he read more and more. he read more and more. he read more and more. he read more and more. he read more and more. he read"
ts,"""Can cows fly?"", Alice asked her mother. ",""" yes, but we must be careful. "" alice nodded, feeling a spark of hope. "" let us make a big snowman! "" she said. they gathered snow and snow, making snow angels. "" let us make a snowman! "" alice said, and they all agreed. they made a snowman with a hat and a scarf. "" this is a great snowman! "" they all laughed and played with the snowman. they made a snowman with a hat and a scarf. "" this is the",""" yes, they are! "" her mother replied. they all laughed and enjoyed the sweet treats together. as the sun began to set, alice knew it was time to go home. "" can we come back tomorrow? "" she asked. her mother smiled and said, "" yes, we can come back tomorrow. "" alice felt happy. she knew that her mother would always be with her. the next day, alice woke up early. she took her mother's hand and walked to the park. the",""" yes, but they are very fast! "" her mother replied. alice wanted to see the cows up close. "" can i ride one? "" she asked. her mother smiled and said, "" of course! just hold my hand. "" alice climbed on the tractor, feeling the wind in her hair. "" i am going to the cows! "" she shouted. the tractor rolled down the hill, and alice laughed. "" i am going to the cows! "" she cheered. when she reached",""" yes, but we need to be careful, "" her mother replied. alice nodded, feeling a little better. they walked to the market, where the favor were. "" look at these! "" alice pointed. "" they are so big! "" alice smiled. "" i want to see them all! "" she said. the people looked at each other, unsure. "" what if they do not like it? "" alice asked. alice shook her head. "" we should be careful. they are",""" no, sweetheart, "" her mother replied. "" cows cannot fly. "" alice was disappointed, but she kept asking her mother. "" why cannot i fly? "" her mother smiled and said, "" because you are a very special girl, alice. "" alice was so happy that she could not stop smiling. she knew that she could fly in her dreams and that she could do anything she wanted."
ts,"""What do birds like to eat?"", Tom asked his mother.","his mother said, "" we can find a big tree to eat. "" tom and his mother went to the tree. they looked under the tree and behind the tree. they found a big tree with a hole. tom was very happy. he wanted to see what was inside the hole. he tried to open the hole, but it was too big. he tried to open it, but it was too hard. then, a big wind came and blew the hole. the hole was gone. tom",""" birds eat good food, "" his mother said. "" they are good for you. "" tom wanted to try the food. he took a bite and made a funny face. "" yuck! "" he said. "" this is not good. "" his mother laughed. "" you are right, tom. the food is not good. it is not good for you. "" tom felt sad. he wanted to eat the food. he thought of a plan. he found a big bowl and put it",""" birds like to eat, "" she said. tom was very excited to learn about the birds. he asked his mother, "" what is the best thing in the world? "" his mother smiled and said, "" the birds are the best of friends. they help each other and share their food. "" tom thought about it and decided to try the same. he went to the park and saw a little girl named sue. sue was sad because she lost her toy. tom wanted to help sue,","his mother smiled and said, "" they are so yummy! "" tom wanted to eat the food, but his mother said, "" no, tom. we must eat it. "" tom did not listen. he took a big bite of the food. it was very sour! tom made a funny face. his mother laughed and said, "" tom, you are a silly cat! "" tom felt sad. he wanted to eat the sour food. he thought, "" i need to eat it. """,""" birds eat seeds, "" she said. tom was so excited. he wanted to try the birds. he asked his mother if he could have some. his mother said yes and tom was so happy. he ran to the birds and tried to catch one. but the birds were too fast and flew away. tom was sad. he wanted to catch a bird so badly. he looked around and saw a big tree. he ran to the tree and climbed up. he reached out his hand to touch"
ts,"""What language do they speak in France?"", Tom asked his mother",". "" they are talking to me, "" she said. "" i am a talking cat. "" tom and lily were very surprised. they did not know that cats could talk. they all laughed and played together. the cat and the little cat became best friends. they had a fun day together.",". "" it is a language that you can talk to, "" his mother said. tom was very excited. he wanted to learn the language. he asked his mother, "" what language do you want to learn? "" his mother smiled and said, "" i recommend you learn the language of the language of the animals. they can be very smart. "" tom was very happy. he wanted to learn the language. he asked his mother, "" how do i learn the language? "" his mother said",". "" it is a language of the stars, "" she said. tom was amazed. he asked his mother, "" what does'deaf'mean? "" his mother explained, "" deaf means to say'hello '. "" tom was amazed. he asked his mother, "" what does'deaf'mean'mean'mean? "" his mother explained, "" deaf means to say'hello '. "" tom thought this was a good idea. he asked his mother, "" can i try to",". "" they say it is a special gift, "" his mother said. "" it is a special gift from the stars. "" tom was curious. he wanted to know more about the stars. he asked his mother, "" what is the star? "" his mother smiled and said, "" the star is a wish star. it will help you see the stars up close. "" tom was excited. he wanted to see the stars up close. he asked his mother if he could go to the stars",". "" they say it is a language that we can understand, "" his mother said. tom was so excited. he wanted to learn more about the languages. he asked his mother if he could go to the park. his mother said yes, so tom put on his shoes and went outside. when he got to the park, he saw a big tree. he wanted to climb it. he started to climb the tree, but he was scared. he looked down and saw his mother. she was"
ts,"If I throw a ball up in the air, eventually it will","come down. "" the little girl was so excited and she ran to the park to play. she saw a big tree with a swing. she wanted to swing on it, but she was too small. she tried to jump on the swing, but she could not reach it. she felt sad and scared. then, a kind bird saw her and flew down to the swing. the bird saw the swing and wanted to help. the bird flew down and said, "" i can help you. i","come down. "" the little girl smiled and said, "" that is a great idea! "" the little girl threw the ball up in the air and caught it. she was so happy and thanked the old man for his help. the old man smiled and said, "" you are welcome! i am glad you are here to help. "" the little girl smiled and said, "" thank you! "" the old man smiled and said, "" you are welcome! "" the little girl was so happy that","come down. "" the little girl was so excited. she threw the ball up and down, and it made a loud noise. she laughed and clapped her hands. the little girl was so happy that she could throw the ball even higher. she threw the ball up and it flew across the sky. the little girl was so proud of herself. she had made a new friend.","fly up and take a look. "" so, the little girl threw the ball up in the air and it flew up and up. she was so excited to see how high it could go. the little girl was so proud of herself. she had done it! she had done it! she had done it! she had done it! she was so proud of herself. she had done it! she had done it! she had done it! she had done it! she had done it!","come down and i can catch it. "" the little girl was so excited. she ran outside and threw the ball up in the air. she watched it fly up and up until it was out of sight. the little girl was so happy that she had caught the ball. she ran back inside to show her mom. her mom smiled and said, "" that was a very clever thing to do! "" the little girl smiled and said, "" i am so happy i caught the ball! "" once"
ts,"It was winter and cold outside so his mother told him, ""You should","not be here. it is not safe to be safe. "" the boy felt sad and sorry. he wanted to help the boy. he thought about how he could help the boy. he had an idea. he would use his big red ball to play with the ball. he threw the ball and the ball. the ball went up and up. the boy was happy. but then, something unexpected happened. the ball started to move! the boy was surprised. the ball was not a ball at","go inside and have some warm clothes. "" but the little boy did not listen. he went inside and started to play. he was so happy that he forgot to be outside. he ran around and played in the snow. he was so cold and he started to shiver. he was so cold and he started to shiver. he was so cold and he started to shiver. he was so cold and he started to shiver. he was so cold and he started to shiver. he was so cold and","go out and play in the snow. "" but the little boy was so excited that he ran outside and started to play. he ran around the yard, laughing and having fun. suddenly, he heard a loud noise. he looked up and saw a big, scary monster! the monster was so big that it made the little boy scared. he ran back inside and hid under his bed. the monster came out and said, "" i am sorry, little boy. i did not mean to scare you","go inside and get warm. "" but jack was too excited to listen. he ran inside and started to play. he was having so much fun that he did not notice the door was getting bigger and bigger. suddenly, he heard a loud noise. it was coming from outside. jack was scared and he started to cry. he wanted to get out of the door, but he could not. he was stuck in the dark room and he was stuck. he was very scared and he was very sad","stay inside and play with your toys. "" but the little boy did not want to listen. he wanted to play outside. so, he went outside and started to play. he ran around and jumped in the snow. he made a big snowball and threw it at his mother. but, the snowball hit her in the face. she started to cry. the little boy felt bad. he did not mean to make her cry. he just wanted to play. the little boy said sorry to his mother"
ts,"Lily likes cats and dogs. She asked her mum for a dog and her mum said no, so instead she asked","her mum if she could have some. her mum said, "" yes, but only if you do not have to be nice. "" lily was very happy and said, "" yes, please! "" her mum smiled and said, "" that is a very nice idea, lily. "" lily and her mum went to the park and saw a big tree. they sat under the tree and looked at the tree. they saw a little bird with a hurt wing. the bird said, "" i will help","her to go and play with the dog. lily was sad, but she knew her mum was right. she said goodbye to the dog and ran off to play. she was happy that she had been so persistent and she had to be careful.","her dad to help her. her dad said, "" no, i do not permit you to have a dog. "" lily was sad, but she was also very persistent. she asked her dad, "" can i have a dog, please? "" her dad said, "" no, lily. dogs are not for kids. dogs are for dogs. dogs are not for kids. dogs are for dogs. dogs are for dogs. dogs are not for kids. they are for dogs. "" lily was","her mum if she could have one. her mum said yes and gave her a big hug. lily was so excited to go to the park with her mum. when they got to the park, lily saw a big slide. she ran to it and climbed up the steps. she was so excited to slide down. but when she got to the top, she saw a big, mean dog. the dog wanted to take lily's red bike. lily was scared, but she knew she had to be brave","her dad. her dad said, "" no, lily. you cannot have a dog. "" lily was sad, but she did not give up. she asked her dad again and again, but he still said no. lily was very persistent. she asked her dad again and again, but he still said no. lily did not give up. she asked her dad to help her. he said, "" okay, let us try again. "" they tried many times, but the ball still did not"
ts,"Samuel told Alice, ""If you give me your banana, I'll give you my apple"". Alice gave Samuel her banana so","he could eat it. the other animals laughed and said, "" you are the best! "" they all enjoyed the apple together. samuel learned that being kind and sharing made them happy. he learned that being kind and sharing can make everyone happy. the moral of the story is that sharing can make everyone happy.","much that he could not eat it. samuel felt sad and thought he would never be able to eat his banana. but alice had an idea. she said, "" let us make a deal! "" samuel agreed, and they made a deal. they would share the banana and take turns eating it. samuel learned that sharing was better than being selfish. they both enjoyed the banana together, and the banana was happy.","he could keep it. samuel was so happy and thanked alice. he learned that being generous is better than being mean. from that day on, samuel and alice became good friends. they shared many adventures and always helped each other. samuel learned that being kind is better than being mean. he felt happy knowing he made a new friend. the moral of the story is that kindness can change hearts. it can change hearts and make the world a better place.","he could eat it. they both ate the banana and were very happy. from that day on, they became good friends and always shared their food.","he could have a bite. he was so happy and thanked alice for her kindness. from then on, alice and pickles were the best of friends. they would always share their bananas and have lots of fun together."
ts,"On weekends Samuel went to visit his grandmother whereas on weekdays he would go to school. Last weekend, when Samuel was on his way to","school, he felt a strange feeling in his heart. the next day, he found a small, old book in the library. it was dusty and old, but it showed a path to a hidden treasure. excited, he decided to follow it. as he walked, he met a girl named lily. she was sad because she lost her toy. "" why are you sad? "" she asked. "" i lost my toy, "" lily said. "" i cannot find it anywhere. "" leo wanted","school, he saw a group of kids playing. they were laughing and running, but samuel felt a little sad. he wanted to join them but did not know how. then, he remembered his grandmother's words about being brave. he took a deep breath and walked over. "" can i play with you? "" he asked. the kids looked at him with big eyes. "" of course! "" they said. they took turns throwing the ball, and soon they were laughing. the boy felt happy.","the lab, he was feeling a bit nervous. he had never been to a lab before. he was worried that he would never be able to see his grandmother again. but when he arrived, he saw his grandmother standing there with a big smile. she was holding a big box of colorful balloons. the little boy was so excited. he ran up to her and said, "" can i see the balloons? "" his grandmother laughed and said, "" yes, you can. "" the little boy was","school, he saw a big, scary monster. he was so scared that he ran away as fast as he could. but then, he heard a voice. "" do not be scared, "" said the voice. it was a little girl. she was playing with her toy car. "" i am here to help you, "" she said. the monster was surprised. he did not know that the girl was a friend. he smiled and said, "" thank you, little girl. "" the girl","1 0 0 s, he was surprised to see a giant hamster! it was fluffy and fluffy, and it was munching on a sandwich. samuel laughed as he watched the hamster munch happily. he thought it was the funniest thing ever! but then, he noticed something strange. the hamster was not just eating ; it was also looking for a snack! samuel realized that the hamster was not just a pet ; it was a friend! he decided to help the hamster find its way home. they walked together"
ts,Lily and Ben were having an argument. Ben said that cake is much better than ice cream and Lily said that,they should have been naughty and not share. lily and ben agreed to share the cake with their friends. they said they were sorry and hugged each other. they said they were sorry and hugged each other. they said they were sorry and hugged each other. they said they were sorry and hugged each other. they said they were sorry and hugged each other. they said they were sorry and hugged each other. they said they were sorry and hugged each other. they said they were sorry and hugged each other,chocolate was good for her. lily and ben did not like that. they wanted to make their mom happy. they decided to share their cake with their mom. they put the cake in the oven and waited for her to come. they hoped mom would not be angry. they hoped mom would not be mad at them. they hoped mom would not be mad at them. they hoped mom would not be mad at them. they hoped mom would forgive them. they hoped they would be good. they hoped,she wanted it. lily said that was not fair and that she should share. ben felt sad and angry. he wanted to make lily happy. he thought of a plan. he decided to make a cake with the same bowl. he put some eggs and flour and sugar in the bowl. he mixed them with the spoon. he put the bowl on the table. he put the bowl on the table. he waited for lily to come. lily came to the kitchen. she saw the bowl on the,they should share. lily and ben agreed. they said sorry to each other and hugged. they decided to share their cake and their toys. they learned that sharing is better than fighting. they learned that sharing is better than fighting. they learned that sharing is better than fighting.,cake is better. lily said she liked cake and cake better. they did not know what to do. they looked at each other and felt sorry. they decided to share the cake and eat it together. they said sorry to each other and hugged. they were friends again. they learned to be kind and share. they were happy.
ts,"Lily and Ben are having an argument. They are trying to decide between the park and the swimming pool. Ben says, ""I want to go to the park"". Lily says",", "" no, you cannot. you are too slow. you have to be careful and not go too far. "" ben says, "" no, i do not want to go. i am too slow. "" lily says, "" i am sorry, ben. i will not do it again. i will be careful. "" ben says, "" i am sorry, lily. i will not do it again. i will be careful. "" they hug each other. they are happy. they are",", "" no, i want to go first. i want to swim. "" they start to argue. they pull and push each other. they do not see the big hole in the ground. they fall into the hole. they are scared. they hear a loud noise. it is a big truck. the truck is coming to the hole. the truck is fast. it hits the hole. the hole is full of water. the water is cold and wet. the truck is not happy. it",", "" no, i want to go to the pool. it is too far and too fast. "" they both pull on the leash and shout, "" stop it, stop it! "" the leash breaks and the pool falls. the pool is empty and quiet. lily and ben are sad and angry. they want to play with the ball. they look at each other and say, "" oh no, our ball! "" they start to cry. they look at the ball. it is stuck in",", "" no, i want to go. i want to see the pond. "" they start to argue. they do not want to share. they do not want to share. they do not want to be friends. they do not like to fight. they do not like to be friends. they do not like to share. they do not like to play together. they do not like to share. they do not like to share. they do not like to play together. they do not like",", "" no, i want to go to the zoo. you always go to the zoo. you always go to the zoo. you are not allowed to go there. "" ben says, "" but i want to go to the zoo. it is fun. you can watch me. "" lily says, "" no, you cannot. you have to stay here. you have to be quiet. you have to be quiet. "" ben says, "" no, i want to go to the zoo."
ts,"Samuel's mother was not home, and his father was at home. When Samuel came home, he said hello to","the children. "" i am so happy to see you! "" samuel smiled and said, "" thank you! "" they all played together, and samuel felt happy. he learned that sharing made him happy. the moral of the story is that sharing with others can make everyone happy.","the old man. the old man smiled and said, "" i am here to help you. "" samuel felt a spark of hope. he wanted to help the old man. together, they walked through the village. samuel showed the old man how to care for the old man. they worked together, and soon the old man was smiling. samuel felt proud. he had helped the old man find his way. as the sun set, the old man thanked samuel. "" you are a true hero,","the family. they welcomed him with open arms. samuel felt happy and safe. he learned that being responsible means caring for others, even when they are far away. the family hugged him tightly, and samuel knew he had made a difference. he realized that being responsible meant caring for others, even when they were far away. as the sun began to set, samuel felt a sense of peace. he had not only helped the family but also learned the power of kindness. he knew that helping others could","the woman. he told her about his adventure and how he felt. the woman smiled and said, "" you are a good boy. "" samuel felt proud. he learned that helping others can bring joy and friendship. he promised to always help others, just like he did. from that day on, samuel became a hero in his town. he helped his friends and family, and they all lived happily ever after. the moral of the story is : helping others can bring happiness and happiness to everyone.","his mother. she smiled and told him stories of her own childhood. samuel listened closely, feeling a connection to her words. he realized that even though his father was far away, he could still feel his love. the next day, samuel decided to write a letter to his father. he poured his heart into the words, sharing his dreams and fears. he wrote about the stars and the moon, hoping to bridge the distance. he wanted to feel his father's presence in the stars. as he sealed"
ts,"Lily doesn't like swimming. When her father wants to take her to the swimming pool, she says",", "" look at me! i am so happy! "" she laughs and says, "" i am sorry, i did not know you were in the pool. i am sorry i was just having fun. "" her father smiles and says, "" you are right, lily. you are a good friend. you are a good friend. "" lily and ben are happy. they hug each other and say, "" we are sorry, mom. we did not mean to hurt you. we are sorry.",", "" i am going to take you there! "" her father looks at her and says, "" no, lily, you cannot. you are too little. you are too little. "" lily is sad and angry. she says, "" no, i do not want to go. i want to play with my toys. they are fun. "" she tries to grab the toys from ben, but he pulls them away. he says, "" no, you cannot. these are my toys. you",", "" i want to swim with you! "" her father laughs and says, "" you will see! "" they swim together, splashing and laughing. lily feels happy and free. she learns that being responsible means caring for others, even when they are far away. the ocean is full of surprises, and she knows she can always find them. a bright sun shone over a small village. in this village lived a girl named mia. she loved to paint. every day, she would sit by the",", "" i want to swim! "" her father smiles and says, "" you can swim with me! "" they start to swim together, laughing and splashing. lily feels happy and free. she knows she will never forget this day. as the sun sets, lily and her family go home. they say goodbye and thank her for the fun day. lily feels warm inside. she knows that she can have many more adventures with her mom and dad. she is glad she found the magic stone and the",", "" no, dad, i want to stay here. "" her father says, "" lily, you have to stay here. you can play with your toys and read a book. you can play with your toys and read a book. you can have fun in the pool. "" lily says, "" no, i want to stay. i want to play with my toys. they are fun. "" she runs to her room and slams the door. she slams the door and locks it. she"
ts,Both Ben and Lily wanted cake. Father said that there was only one piece of cake left. They,both wanted the cake. they did not want to share. they did not want to share. they did not want to share. they did not want to share. they did not want to share. they did not want to share. they did not want to share. they did not want to share. they did not want to share. they did not want to share. they did not want to share. they did not want to share. they did not want to share. they did not want,"both wanted to eat it, but they did not want to share. they started to fight over the piece. they pulled and pushed and shouted. they did not see the big hole in the ground. they both fell into the hole. they could not get out. they were very sad and scared. they could not play anymore. the end.",both looked at each other and then at each other. they decided to share the cake and eat it together. they were happy and full. they learned that sharing is better than fighting.,both wanted to eat the cake. they did not want to share. they started to fight. they pulled and pushed and shouted. they did not see the big dog that was running towards them. the dog was hungry and angry. it saw the cake and thought it was a toy. it jumped on the table and bit the cake. it made a loud noise. it was a big mess. the cake was everywhere. it was a bad cake. it was a bad cake. it was a bad,"both wanted to eat it. "" give me the cake! "" ben said. "" no, it is mine! "" lily said. they pulled and pushed and shouted. they did not see the big dog that was sleeping on the porch. the dog woke up and saw the cake. he was hungry and curious. he jumped on the table and ate the cake. he wagged his tail and licked the cake. "" hey, that is our cake! "" lily and ben said. they were scared and"
ts,"Ben went to visit Lily in her house, but she was not at home. Ben knocked on the door","and said, "" lily, come back! "" lily was sad and scared. she did not want to leave her house. she did not want to leave her house. she did not want to leave her house. she did not want to leave her house. she did not want to leave her house. she did not want to leave her house. she did not want to go. she did not want to go. she did not want to go. she did not want to go. she did","and said, "" lily, i am sorry for being rude. i will not do it again. "" lily smiled and said, "" it is okay, ben. we can still play together. "" they played with the ball and had lots of fun. they learned that it is important to be kind and share with others. and they became best friends.","and said, "" lily, i have a surprise for you! "" lily opened the door and saw ben with a big box. she was very excited and said, "" what is in the box, ben? "" ben said, "" it is a surprise! i made it for you! "" lily was so happy and opened the box. inside, she found a big, soft teddy bear. she hugged the teddy bear and said, "" thank you, ben! this is the best surprise ever!","and said, "" lily, can you come in? i have a surprise for you. "" lily was excited and said, "" yes, ben! i will come in and see what is in the box. "" when lily came inside, she saw the box and opened it. she saw the box and opened it. she saw the toy car and smiled. "" wow, lily! you found a toy car! "" ben said. "" it is so cool! "" lily said. they played with","and said, "" lily, can i come in? "" lily opened the door and said, "" yes, ben, you can come in. "" ben went inside and saw that lily was very happy. they played together all day. they ran, jumped, and laughed. when it was time for ben to go home, he said, "" thank you, lily, for letting me come in. i had a great time! "" lily smiled and said, "" you are welcome, ben. come"
ts,"""Hi Samuel, have you seen Alice? I can't find her anywhere"", said Samuel.",""" i am here to help you find your home! "" samuel was surprised but happy. "" what do you want? "" he asked. alice replied, "" i want to help you find your home! "" samuel thought for a moment. "" i can help you find your home, "" he said. they searched high and low, but they could not find the bird's home. "" where are you? "" alice asked, feeling sad. "" i do not know where to find it, "" samuel","alice smiled and said, "" i have a riddle for you! "" samuel scratched his head. "" what is it? "" he asked. alice thought hard. "" i can be a bird or a cat! "" she said. samuel laughed. "" you are a cat! "" he said. alice felt happy. she had a new friend. they played together every day. samuel learned that being different was okay. he could be a bird, and that was okay. they both felt happy. they",""" oh, i think i know! "" he said, feeling a bit worried. "" let us look for her together! "" alice suggested. they searched the park, calling out for alice. "" where could she be? "" samuel wondered. "" she is hiding behind the big tree! "" alice giggled. "" i cannot find her! "" samuel felt a little sad. "" maybe we should go back, "" he said. but alice was determined. "" let us find her! "" she said","samuel smiled and said, "" i have a secret. i can help you find her! "" samuel was thrilled. "" really? that would be great! "" he replied. samuel followed samuel to a big tree. there, he saw alice sitting alone. "" i am sorry! "" he said. "" i did not mean to hurt you. "" alice looked up, surprised. "" i thought you were a monster, "" she said. samuel smiled. "" i am sorry. i did not mean",""" she is very smart and loves to hide. "" samuel thought for a moment. "" i think she is hiding somewhere! "" he said. they both started looking around the park. they checked under benches, behind trees, and even in the sandbox. "" i think she is hiding! "" samuel said, feeling hopeful. finally, they found the girl hiding behind a tree. "" i found you! "" she laughed. samuel felt happy. "" you are good at this! "" he said."
ts,"Max had two dogs. One was white and the other was black. Max walked up the street and saw a kid with a dog. He told the kid, ""I see you have a brown dog. I also have","a dog. "" the kid was surprised. he did not know dogs could talk. the kid said, "" i am a dog. i am a dog. i can be your friend. "" the kid was happy. they played together all day. the kid was happy. the kid was happy too. they had a fun day.","a brown dog. "" the kid smiled and said, "" that is nice, max. i like dogs too. "" max and the kid became friends. they played together and had fun. max learned that being kind and sharing can make everyone happy. and they all lived happily ever after.","one. "" the kid said, "" that is nice. can i play with your dog? "" max said, "" yes, you can. "" the kid and max played with the dog. they had fun. the kid was happy. max was happy too. they all played together.","a dog. "" the kid said, "" i like your dog. can i play with him? "" max said, "" yes, you can play with me. "" they played together and had lots of fun. but then, something unexpected happened. the dog started to talk! the dog said, "" i am sorry, i did not know i was just a dog. i was just playing with a ball. "" max and the cat were surprised. they all became friends and played together every day","two dogs. they are very nice. "" the kid smiled and said, "" thank you, max. i like your black dog. "" max and the kid played together all day. they ran, jumped, and had lots of fun. when it was time to go home, max said, "" bye, kid! see you tomorrow! "" the kid waved and said, "" bye, max! see you soon! "" max went home, happy to have made a new friend. once upon a"
ts,"Anne had a piece of candy in her left pocket and a piece of chocolate in her right pocket. Anne's mum asked her, ""Anne, what is that you have in your left pocket?""","anne replied, "" i am sorry, i did not know it was yours. "" the next day, anne went to the park with her mum. she saw a big tree with a hole in it. she was curious and wanted to see what was inside. she opened the hole and saw a big, shiny rock. she picked it up and looked at it. she saw that the rock was not a rock at all. it was a big, shiny rock. lily was very happy. she wanted","anne replied, "" i am going to give it to someone who needs it. "" her mum smiled and said, "" that is a very special treat. it is a special treat for you. "" anne was so excited. she wanted to give it to her mum. she asked her mum, "" can i have it? "" her mum said, "" yes, you can have it. "" anne was so happy. she thanked her mum and ran off to show her mum. she was so proud","anne replied, "" it is a surprise! i am going to give it to my mom. "" her mum smiled and said, "" that is a great idea! let us go and get it. "" so they went to the store and bought the present. when they got home, anne was so excited. she opened the present and found a beautiful doll. she hugged it and said, "" i love this doll! "" her mom smiled and said, "" i am so glad you like it,","anne smiled and said, "" it is a surprise! "" anne was so excited and she could not wait to get home. she ran to the kitchen and opened the bag. inside was a big, soft teddy bear. anne was so happy and hugged it tight. she hugged it tight and said, "" thank you, mommy! "" then she ran off to show her mom and dad her new teddy bear.","anne smiled and said, "" it is a candy! "" her mum smiled and said, "" that is right! you can have some if you want. "" anne was so happy that she could not stop smiling. she thanked her mum and ran off to enjoy her candy."
ts,Alice had both an apple and a carrot in her bag. She took the apple out of the bag and gave it to Samuel. She reached into the bag again and took,"a bite. "" yum! "" she said. samuel smiled and said, "" i love you too! "" they both enjoyed the apple together. they learned that sharing is good, but it is better to share. they became good friends and shared the apple together. the moral of the story is that sharing is good and makes everyone happy.","a big bite. it was sweet and juicy. samuel smiled and said, "" this is the best apple ever! "" alice felt happy. she learned that sharing is better than keeping things for herself. from that day on, alice and samuel became good friends. they shared many more apples and stories. alice learned that sharing made her feel happy. she realized that being generous made her feel good too. the apple was not just a fruit ; it was a symbol of friendship and friendship. the garden became","a bite. "" yum! "" she said, smiling. samuel laughed, "" you are a funny girl! "" they both enjoyed the apple together, and lily learned that sometimes, a little help can make a big difference. a bright sun shone over a small village. in this village, a girl named mia loved to paint. she painted flowers, trees, and animals. one day, she found a strange stone in the woods. it was shiny and looked like a star. mia picked it up","out the apple. "" here, this is for you, "" she said. "" now you can eat it. "" tom was so happy. he thanked lily and they both ate the apple together. from that day on, tom and lily became best friends. they always shared their apples and played together. and they never forgot the day they met the big, red apple.","out the apple. "" here you go, "" she said, handing it to him. samuel took a bite and smiled. "" this is the best apple ever! "" he said. they both laughed and shared the apple. it was sweet and juicy. as they ate, they talked about their favorite games. samuel told lily about his favorite games. lily shared her dreams of being an artist. they both felt happy and full of joy. the sun began to set, painting the sky with colors."
ts,"Alice and Samuel walked up the street and met a girl in a red dress. The girl said to them, ""Hi, I'm Lily. What are your names?""","samuel said, "" i am a boy who likes to play. "" alice smiled and said, "" i like to play with you! "" they played together and had lots of fun. they were very happy. but then, something unexpected happened. the big, mean cat came to the park. the cat was not a cat at all. it was a big, friendly dog. the dog said, "" i am a magic dog. i can help you. "" the dog and the cat became friends","alice and samuel told her about the game. the girl smiled and said, "" i am lily. i like to play too! "" alice and samuel were happy to meet lily. they played together every day. they learned that being different was okay. they were not just friends ; they were friends. they were a team. they were a team. they were brave and kind. one day, they found a big box. it was locked. they looked around. they saw a key on the ground","lily replied, "" i am lily. i am a girl who loves to play. "" the girl smiled and said, "" i like to play too! "" lily and the girl played all day. they had so much fun. when it was time to go home, lily said, "" bye, friend! i will come back to play with you again soon! "" the girl waved and said, "" bye, lily! i will come back to play with you again soon! "" once upon a",""" i am lily, "" the girl said. "" i am lily. i like to play with toys. do you want to play with me? "" "" yes, i do! "" lily said. "" i like to play with toys. do you want to play with me? "" lily nodded. she liked to play with lily. they ran and jumped and had fun. they were very happy. but then, lily saw a big dog. the dog was barking and running towards them. lily","fuzz replied, "" i am fuzz. i am a flea. "" the girl smiled and said, "" that is nice. i am lily. "" fuzz and lily became friends. they played together every day. fuzz would jump and roll on the grass. lily would laugh and clap her hands. they were very happy. one day, fuzz and lily saw a big dog. the dog was not nice. it barked and growled at them. lily was scared. she said, "" fuzz, please do"
ts,"Lily was hungry, and wanted to bake a cake, but she didn't have any sugar at home, so she decided to go ask around. She started walking and met a squirrel. She asked the squirrel, ""Would you happen","to me? "" the squirrel said, "" yes, i would like to bake. "" lily and the squirrel became good friends. they played together every day. they had lots of fun. and they lived happily ever after.","to my cake? "" the squirrel said, "" yes, i would like that. "" the squirrel said, "" i would love to come over here! "" the girl was so happy. she said, "" thank you! "" the squirrel said, "" you are welcome! "" the girl and the squirrel went home, and they had a fun day together.","to my cake? "" the squirrel said, "" yes, i would like that. "" so, the girl and her mum went to the store and bought the cake. when they got home, the girl was so excited. she could not wait to eat the cake. but when she opened the box, she found a big surprise! inside the cake was a big, shiny toy. the girl was so happy and she hugged her mum. the girl was so excited that she could not wait to show","to my cake? "" the squirrel said, "" yes, i would love to help you! "" the squirrel was very happy and said, "" thank you, lily! "" they both ate the cake together and became good friends.","to my cake? "" the squirrel said, "" no, i do not think so. "" lily was sad, but she kept walking. she kept looking for the sugar. finally, she found a big tree with a hole in it. she looked inside and saw the sugar! but, there was a big, mean bird who wanted the sugar too. the bird flew down and took the sugar from lily. lily cried and cried. she never found the sugar again."
cm,"I have a red ball and a blue ball. I give the red ball to Alice, so she plays with the red ball, and I play with the","red ball. "" alice was very happy and played with the red ball all day. she had a great day at the park with her mom and dad.","blue ball. "" tim and sue played with the red ball all day. they had so much fun. when it was time to go home, tim said, "" thank you for playing with me, sue. i had a great time. "" sue smiled and said, "" you are welcome, tim. i had fun too. "" they both went home, happy and tired from their fun day at the park.","blue ball. "" tom and lily played with the red ball and the blue ball. they had a lot of fun. they laughed and played until the sun went down. then, they said goodbye and went home. tom and lily were happy to have a new friend.","blue ball. "" tom and lily played with the red ball together. they had a lot of fun. they laughed and played until the sun went down. then, they went home to rest. tom and lily were playing in the park. they liked to run and jump and slide. they saw a big tree with many leaves. they wanted to climb the tree and see what was on the other side. "" let us go, lily! "" tom said. "" ok, tom, but be careful","blue ball. "" they played together and had lots of fun. they became good friends and shared their toys with each other. the moral of the story is that sharing and being kind to others can make new friends and bring happiness to everyone."
cm,"There are two boxes: one big and one small. The big box is too heavy for Kim, so she carries the",box. she is very sad and scared. she does not want to get hurt. she thinks she is a good friend. she wants to help her friend. she runs to the box and tries to open it. but the box is too heavy. she cannot get it. she cannot get it. she cannot get it. she cannot get it. she cannot get it. she cannot get it. she cannot get it. she cannot get it. she felt sad. she did not know what to,small box. she is very sad. she does not know what to do. she looks around and sees a big box. she thinks it is a good place to put her toys in the box. she thinks it is a good place to put her toys in the box. she puts her toys in the box and puts them in the box. she is very happy. she thinks her toys are very useful. she does not want to make a mess. she wants to play with her toys. she,"small box to her house. she puts the small box on the floor and says, "" i will put the small box on the top shelf. "" she tries to lift the small box, but it is too heavy. she pushes and pulls, but it does not move. she feels sad and says, "" i need help. "" she looks around and sees a chair. she has an idea. she says, "" i can use this chair to lift the box. "" she takes the chair and","small box. she tries to open it, but it is too hard. she tries to push it, but it is too heavy. she feels sad and angry. she wants to see what is inside. she tries to push the box, but it is too heavy. she tries to push it, but it is too heavy. she cannot move it. she says, "" this is too hard. i cannot move it. "" ben sees lily. he is sad. he says, "" do not","box to the other side of the room. she puts the box on the floor and says, "" now we have a new box for you. it is a gift for you. "" ben and kim are very happy. they thank the big box and the small box. they open the box and see a new toy. it is a car that can go fast and make noises. ben and kim are very happy. they hug the big box and say, "" thank you, box, for the new"
cm,"The soup was too hot to eat, but the ice cream was too cold. Maria wanted something warm, so she chose the","ice cream. she put the ice cream in the freezer and waited. when the ice cream was ready, maria took a big bite. it was a yummy treat! maria was so happy and thanked her mom. they both enjoyed the ice cream and had a great time.","warm soup. she put it in the freezer and waited. when the soup was ready, she took it out and tasted it. it was very yummy! maria was so happy that she had made a new friend. she knew that the cold day was not so bad after all.","warm soup. she took a big bite and it was so yummy! she was so happy that she could help her mom. from that day on, maria always made sure to put her things away when she was done.",cold ice cream. she took a big bite and it was so sweet and yummy. maria was so happy that she started to laugh. she ate the cold ice cream and it was so yummy. maria was so happy that she had found the cold ice cream. she thanked her mom and went back home with a big smile on her face.,cold soup. she took a big sip and smiled. the soup was so good! she ate and ate until she was full. then she went back to her room and played with her toys. she was happy and warm.
cm,"When the sun goes down, it becomes dark. When the sun comes up, it becomes","a beautiful rainbow. the girl smiles and says, "" thank you, mom! "" she says, smiling. the girl smiles and says, "" you are welcome, little one. you are very brave. "" the girl smiles and says, "" you are welcome. you are welcome. "" the girl smiles and says, "" thank you, mom. i am glad you are welcome. ""","dark. the girl feels scared. she wants to go home. but she remembers the magic of the stone. she holds it tight and whispers her wish. suddenly, the stone glows bright. the girl feels a rush of wind. she opens her eyes and sees a path of light. the path is clearer now. she steps through the trees, feeling the magic in the air. the forest is alive with magic. she knows she will always remember this magical place. the girl knows she will always remember","a bright light. the light is so bright that it makes the sky look like a big, bright sun. the sun is happy to see the sun and the sky. the sun is happy too. it likes to shine and make the sky look pretty. the sun and the light play together every day. they are best friends.",a beautiful rainbow. the rainbow is so bright and pretty. it is the best day ever.,"bright and warm. the animals come out of their homes. they see the sun and feel the warm light. they are happy and grateful. they thank the sun for shining on them. they say, "" thank you, sun, for making us warm and happy. you are our friend. "" the sun smiles and says, "" you are welcome, children. you are very kind and brave. you are my friends too. "" they all go back to the park and play some more. they have"
cm,"Leo had two cookies. He ate one cookie, so now he has","a big cookie. he was very happy. but then, something unexpected happened. the cookie started to talk! it said, "" i am a magic cookie. i can make you feel better. "" tim and his mom were surprised. they did not know that the cookie was magic. they all laughed and played together. the moral of the story is that sharing can make everyone happy.","no more cookies. "" i am sorry, "" he says. "" i should have shared. "" mia smiles. "" it is okay, leo. we can share. "" they hug and smile. they decide to share the cookies. they take turns to eat them. they are happy. they are friends.","two cookies. he was very happy. but then, something unexpected happened. a little bird flew into the room. the bird saw the cookies and wanted some too. the bird took the cookies from the jar and flew away. tim and his mom were surprised. they laughed and said, "" that was unexpected! "" they went back to the kitchen and made more cookies together.",a new friend.,"two cookies. he is happy. he says, "" thank you, mom. you are the best. "" mom says, "" you are welcome, leo. you are a good boy. you are a good boy. "" she hugs him and says, "" you are welcome, leo. you are a good boy. you are a good boy. "" they go to the kitchen and have some cookies. they are happy. they are friends."
cm,"Rita is cold. The window was open, so she","could not see it. she looked around and saw a big, shiny box. "" what is in there? "" she wondered. she opened the box and found a tiny, shiny key. "" this is a key! "" she said. she put the key in the box and opened it. inside, she found a small box. inside the box, there were many toys. they were very happy. but then, something unexpected happened. the box started to talk! the box said, "" i","walks to the window. she sees a big, fluffy dog. the dog is barking and running around. rita feels scared. she wants to run away, but she remembers her mom. she runs to her mom and says, "" mom, mom, there is a dog in the house. it is not safe. "" her mom looks at the dog and says, "" oh, lily, it is just a dog. it is not a dog. it is a dog. it is a dog.","could see the world outside. she sees the snow falling softly. "" i wish i could play outside, "" she thinks. but then she remembers her friends. they are busy with their own lives. "" i wish i could join them, "" she sighs. suddenly, she has an idea. "" what if i make a snow fort? "" she thinks. she picks up some snow and starts to build. "" this will be the best fort ever! "" she exclaims. she rolls the snow into",is cold. she sees a big dog outside. the dog is barking and running. it is not friendly. it is a bad dog. it barks at sam and mia. sam and mia are scared. they run to the house. they see the dog. the dog is big and loud. it barks and runs to the door. it jumps out of the window. it jumps on the window. it bites the ball. it makes a loud noise. the dog runs away. tom and mia are,"could see the snow outside. she wanted to go out and play. but her mom said, "" no, it is too cold. you will get sick. "" rita was sad. she wanted to play in the snow. she asked her mom, "" can i go outside? "" her mom said, "" no, it is too cold. you will get sick. "" rita was sad. she wanted to play in the snow. she asked her mom, "" can i go outside? "" her"
cm,"It was raining, so Tom took his umbrella. It was sunny, so he wore his","umbrella. tom was very happy. he played with his umbrella all day. but then, something unexpected happened. the umbrella started to move! it was not a wet puddle at all! it was a big, friendly dog! the dog said, "" hi, i am a magic umbrella. i can help you. "" tom and the dog played with the umbrella all day. they had so much fun. they became good friends. and they lived happily ever after.","umbrella. tom saw his friend, a dog named max. max said, "" tom, i have a surprise for you! "" tom was very excited. he wanted to see what was in the umbrella. tom and max went to the park. they saw a big tree. tom said, "" max, let us play hide and seek! "" max wagged his tail and started to count. tom closed his eyes and counted. max ran to find a good spot. he found a big tree and hid","umbrella. tom saw a big tree and wanted to climb it. he put his umbrella on the ground and started to climb. as tom climbed higher, he saw a little bird. the bird said, "" hi, tom! what are you doing? "" tom said, "" i am climbing this tree. i like to see the world from up high. "" the bird said, "" be careful, tom! the tree is very high. "" tom climbed higher and higher. he saw the whole park","rain boots. tom saw a little girl named sue. sue was sad. she lost her toy. tom wanted to help sue. he said, "" do not be sad, sue. i will help you find your toy. "" tom and sue looked for the toy. they looked under the trees and behind the bushes. they could not find the toy. tom was very tired. he said, "" i am sorry, sue. i cannot find your toy. "" sue said, "" i will help","favorite hat. tom saw a big tree and wanted to climb it. he put his umbrella on the ground and started to climb. as he climbed higher, he saw a little bird. the bird was sad because it could not fly. tom wanted to help the bird. he thought of a plan to make the bird happy. tom took off his big red umbrella and put it over the bird. the bird was now warm and dry. the bird was very happy and thanked tom. tom felt good for"
cm,"The cow says ""moo"" and the cat says ""meow"". The dog says",""" moo "". "" the dog wags his tail and licks their faces. the cat licks their faces and wags its tail. it is happy to be with its owner. "" thank you, dog, "" the dog says. "" you are a good dog. you are a good dog. "" the dog wags his tail and licks their faces. it is a good dog. it is not scary. it is a dog. it is a dog. "" lily and ben are scared. they run away",""" moo "" and the cow says "" moo "". the dog says "" moo "". the cow says "" moo "". the dog says "" moo "". the dog says "" moo "". the dog says "" moo "". the dog says "" moo "". the dog says "" moo "". the dog says "" moo "". the dog says "" moo "". the dog says "" moo "". the dog says "" moo "". the dog says "" moo "". the dog says "" moo",""" moo "" and "" oink "". they are happy. they have a new friend. they play with the ball and the dog. they have fun. they are friends.",""" hello "" and the cat says "" hello "". the cat says "" hello "" and "" hello "". the dog says "" hello "" and "" hi "". they have a lot of fun. they are happy. they are friends.",""" moo "" and the cat says "" moo "". they are happy. they are friends. they like to play in the park."
cm,"Kim was very thirsty, so she drank some water. Tim was very hungry, so he ate some","water. he was very hungry. he wanted to eat some of the water. but he was too small to reach the water. he tried to reach the water, but he could not. he felt sad and did not know what to do. then, a big bird came and saw the crocodile. the bird was not happy. the bird said, "" i can help you, but you must be careful. "" the bird was happy and said, "" thank you, bird. "" the bird flew","of the water. after tim ate the water, he felt much better. he thanked sam for helping him. they became good friends and played together every day. and they lived happily ever after.","of the water. after eating, tim felt better. he said, "" thank you, sam, for helping me. "" sam smiled and said, "" you are welcome, tim. i am glad i could help you. "" from that day on, tim and sam became best friends. they always helped each other and had lots of fun together.","of the water. after eating, they went back to the park to play some more. they had a fun day together.","too. after eating, tim and kim played together. they had so much fun. they played with a ball and ran around. they were very happy. at the end of the day, they went home and told their moms and dads about their fun day."
cm,"There were three birds on the tree. Two birds flew away, so now there is","a big tree. the bird and the bird were very happy. they thanked the bird and flew away. the bird and the bird became best friends. they played together every day, and the bird was never sad again.","no more nest. the birds were sad and scared. they did not know what to do. then, a kind squirrel came and said, "" do not be sad. i will help you find more twigs. "" the squirrel and the birds looked for more twigs. they found many twigs, but they were not as good as the other sticks. the squirrel said, "" i am sorry, i did not mean to make a nest. "" the bird said, "" it is okay, we can still","a big, scary monster! the monster was so big that it made the birds very scared. the birds flew away and the monster was left all alone. the end.",nothing to be scared of. the birds were happy to be free and thanked the big bird. they all became friends and played together in the park.,no more tree to play in. the birds were very sad. they had no place to play and they were all alone. the end.
cm,"Alice was lost, she wanted to go home. She met a stranger and asked him if he","was okay. the stranger smiled and said, "" yes, i am here. "" alice was surprised but happy. she learned that being kind and helping others can make you feel good. from that day on, alice and the stranger became best friends. they played together every day, and alice learned that sharing her love made her feel good. the moral of the story is that sharing brings joy and joy. the moral of the story is that sharing with others can make everyone happy.","had seen her. the stranger smiled and said he had seen her. alice felt a spark of hope. she decided to help him. they walked together, sharing stories and laughter. alice learned that the stranger was not just a stranger ; he was a friend. they found joy in each other's company. as they walked, alice felt a sense of belonging. she realized that kindness could change the world. the stranger smiled and said, "" you are a true friend. "" alice felt a warmth in her","knew where she was. the stranger smiled and said, "" i know where your home is. follow me! "" alice felt a rush of excitement. she followed the stranger, and they walked through the woods. they talked about their dreams and fears. the stranger shared stories of his life, and alice listened with wide eyes. they laughed and played, feeling a bond grow between them. as the sun began to set, alice knew it was time to go home. she thanked the stranger for the fun","wanted to join her. he smiled and said yes. they walked together, and alice felt happy. she learned that being brave means helping others, even when it is hard. when they reached the edge of the forest, she thanked the stranger. he smiled and said, "" you are brave, alice. you have the power to help others. "" alice felt proud. she had helped someone in need. from that day on, she knew that kindness could change a heart. she learned that being a","knew the way. the stranger smiled and said, "" i know the way. "" they walked together, and alice felt hope. but as they walked, she noticed the stranger was not a stranger at all. he was a trickster, trying to trick her. "" you are not a hero, "" he said, "" but you are a hero. "" alice felt a mix of fear and courage. she had to find the treasure and prove her worth. the map led her to a dark cave."
